{"files":{"index.html":{"frameworks":["website","pg.insight.events","pg.bs4.lib","pg.css.grid","pg.image.overlay","pg.code-validator","pg.project.items","pg.asset.manager","bs4","pg.html","pg.components"],"last_page_width":1024}},"breakpoints":["576px","768px","992px","1200px"],"frameworks":["website","pg.insight.events","pg.bs4.lib","pg.css.grid","pg.image.overlay","pg.code-validator","pg.project.items","pg.asset.manager","bs4","pg.html","pg.components"],"template_framework_id":"bootstrap","urls":{"blocks.css":{"locked":true,"locked_reason":"This stylesheet is a library resource and will be overwritten on update. Over-ride CSS rules in the your project's stylesheet."}},"cs-for-overrides":"style.css"}